A,12.718539698542,8.9009611366486
C,0.702079150842,0.20894274968659
D,9.0289667399598,7.3129962390305
E,7.0118109209737,3.42666109486
F,3.1321971441732,1.6715419974927
G,8.298787041302,4.3042206435437
H,2.2266062939433,2.3819473464271
I,3.6984086978438,2.3819473464271
K,1.7655545223052,2.0894274968659
L,8.5144659881978,3.0923526953615
M,1.693999519104,0.50146259924781
N,2.2095142081584,3.5938152946093
P,4.6577382245668,7.1040534893439
Q,2.6867889764738,3.1341412452988
R,6.4172091231181,6.6443794400334
S,5.2859448012538,20.685332218972
T,6.8407452149402,16.798997074802
V,9.4239677394123,4.0534893439198
W,1.0891135001405,0.29251984956122
Y,2.5975624947493,1.4208106978688
