Amino Acid,Total Aminos,2nd Position Aminos
A,6.55497431,20.19229628
C,1.877106072,0.967416464
D,5.314118048,7.198053297
E,6.680376509,11.54015075
F,4.176934824,1.814944507
G,6.231858109,9.528161909
H,2.359687249,1.0042139
I,5.489578537,2.649415396
K,6.448183671,5.078046175
L,9.656077664,4.713632857
M,2.446643793,1.895661464
N,4.612150702,3.161018458
P,4.76785404,3.162205472
Q,3.796681614,2.577007538
R,5.228731703,3.36874592
S,8.908010298,9.351296813
T,4.887773367,4.240014244
V,6.430768995,5.329693157
W,1.252169675,0.841592973
Y,2.88032082,1.386432429
